sujet,date,statut
Comment la cosmologie islamique a-t-elle influencé les motifs célestes dans les palais persans ?,2025-10-15T14:59:58.007603,succès
Quelle est l'origine de la représentation des constellations comme figures mythologiques dans l'art gréco-romain ?,2025-10-17T10:43:01.727821,succès
Pourquoi les peintres du Bauhaus ont-ils rejeté toute figuration spatiale au profit de l'abstraction géométrique ?,2025-10-21T10:45:03.193293,succès
Comment les astronomes-artistes de la Renaissance dessinaient-ils la Lune avant les photographies ?,2025-10-24T10:45:51.108680,succès
Pourquoi l'art aborigène australien représente-t-il le cosmos comme un réseau de chemins plutôt que de sphères ?,2025-10-28T07:37:30.615784,succès
Comment Kandinsky justifiait-il ses compositions spatiales par des théories vibratoires et acoustiques ?,2025-11-04T07:37:46.248318,succès
Quel impact la mission Apollo 8 a-t-elle eu sur la représentation artistique de la Terre vue de l'espace ?,2025-11-11T07:36:11.134697,succès
Pourquoi les miniatures moghole représentent-elles les princes sur des terrasses contemplant des ciels étoilés ?,2025-11-18T07:22:47.681481,succès
Comment les peintres surréalistes comme Tanguy ont-ils créé des paysages extraterrestres avant l'ère spatiale ?,2025-11-25T07:23:05.626547,succès
Quelle technique Nicolas Poussin utilisait-il pour peindre la luminosité argentée des clairs de lune ?,2025-12-02T07:24:36.572623,succès
Pourquoi les icônes russes orthodoxes placent-elles systématiquement les saints sur fond de cosmos doré ?,2025-12-09T07:24:40.468026,succès
Comment l'art spatial soviétique des années 1960 différait-il de la science-fiction américaine contemporaine ?,2025-12-16T07:26:22.589576,succès
Quelle est la symbolique du croissant de lune dans l'art ottoman du XVIe siècle ?,2025-12-23T07:26:53.761277,succès
Pourquoi Miro a-t-il développé un langage de signes cosmiques plutôt que de représenter l'espace littéralement ?,2025-12-30T07:25:11.711288,succès
Quelle différence existe entre une aurore boréale peinte par un artiste norvégien et un artiste islandais ?,2026-01-06T07:29:29.253334,succès
Pourquoi les tableaux de Malevitch sont-ils considérés comme des méditations sur l'infini spatial ?,2026-01-13T07:28:01.263186,succès
